Iteration,Hit Percentage,Head Shot Percentage,Decision
0,0.550773369199731,0.339609952925353,1
1,0.553702468312208,0.339559706470981,1
2,0.556071665560717,0.341738553417386,1

