Iteration,Hit Percentage,Head Shot Percentage,Decision
0,0.819875776397516,0.602484472049689,3
1,0.830409356725146,0.619883040935672,3

