Iteration,Hit Percentage,Head Shot Percentage,Decision
0,0.579335793357934,0.380073800738007,1
1,0.579462102689487,0.377750611246944,1
2,0.577669902912621,0.375,1

