Iteration,Hit Percentage,Head Shot Percentage,Decision
0,0.553119730185497,0.337268128161889,1
1,0.554871220604703,0.336506159014558,1
2,0.555307262569832,0.335754189944134,1
3,0.557713651498335,0.334628190899001,1
4,0.559911651021535,0.335173937051353,1
5,0.560154525386314,0.334988962472406,1

