Iteration,Hit Percentage,Head Shot Percentage,Decision
0,0.620653319283456,0.432033719704953,2
1,0.620653319283456,0.432033719704953,2
2,0.620653319283456,0.432033719704953,2

